insert into discipline (parti, zi, start, final, den, tip, titprof, prof, sala, frec) values (',I1A3,', 1, 18, 20, 'Limba engleza II', 'seminar', '', 'Nicoleta Armanu', 'C903', '');
insert into discipline (parti, zi, start, final, den, tip, titprof, prof, sala, frec) values (',I2A3,', 1, 14, 16, 'Practica SGBD', 'laborator', 'asist.', 'Codrut Matei', 'C412', '');
insert into discipline (parti, zi, start, final, den, tip, titprof, prof, sala, frec) values (',I3B2,', 3, 10, 12, 'Calcul numeric', 'laborator', 'lect. dr.', 'Anca Ignat', 'C411', '');
insert into discipline (parti, zi, start, final, den, tip, titprof, prof, sala, frec) values (',I1A4,', 3, 08, 10, 'Practica hardware', 'laborator', 'prep.', 'Dragos Gavrilut', 'C405', '');
insert into discipline (parti, zi, start, final, den, tip, titprof, prof, sala, frec) values (',I2B1,', 0, 10, 12, 'Practica SGBD', 'laborator', 'asist.', 'Codrut Matei', 'C412', '');
insert into discipline (parti, zi, start, final, den, tip, titprof, prof, sala, frec) values (',I2A1,', 1, 08, 10, 'Ingineria programarii', 'laborator', 'asist. dr.', 'Adrian Iftene', 'C403', '');
insert into discipline (parti, zi, start, final, den, tip, titprof, prof, sala, frec) values (',I2B1,I2B2,I2B3,I2B4,', 4, 14, 16, 'Administrarea sistemelor Linux', 'laborator', '', 'Dragos Acostachioaie', 'C412', 'par');
insert into discipline (parti, zi, start, final, den, tip, titprof, prof, sala, frec) values (',I3A1,', 4, 10, 12, 'Grafica pe calculator', 'laborator', 'lect. dr.', 'Lucian Ghirvu', 'C409', '');
insert into discipline (parti, zi, start, final, den, tip, titprof, prof, sala, frec) values (',I1A2,', 1, 16, 18, 'Limba engleza II', 'seminar', '', 'Nicoleta Armanu', 'C903', '');
insert into discipline (parti, zi, start, final, den, tip, titprof, prof, sala, frec) values (',I1A2,', 1, 08, 10, 'Practica hardware', 'laborator', 'prep.', 'Dragos Gavrilut', 'C413', '');
insert into discipline (parti, zi, start, final, den, tip, titprof, prof, sala, frec) values (',I1A1,', 2, 12, 14, 'Sisteme de operare I', 'laborator', 'lect. dr.', 'Cristian Vidrascu', 'C409', '');
insert into discipline (parti, zi, start, final, den, tip, titprof, prof, sala, frec) values (',I3B1,', 4, 14, 16, 'Grafica pe calculator', 'laborator', 'lect. dr.', 'Lucian Ghirvu', 'C409', '');
insert into discipline (parti, zi, start, final, den, tip, titprof, prof, sala, frec) values (',I1B2,', 1, 12, 14, 'Practica hardware', 'laborator', '', 'Catalin Lita', 'C405', '');
insert into discipline (parti, zi, start, final, den, tip, titprof, prof, sala, frec) values (',I2B3,I2B5,', 4, 16, 18, 'Programare functionala', 'laborator', 'prep.', 'Georgiana Goriac', 'C405', '');
insert into discipline (parti, zi, start, final, den, tip, titprof, prof, sala, frec) values (',I3A4,I3A5,', 4, 14, 16, 'Procese stochastice', 'seminar', 'lect. dr.', 'Anca Vitcu', 'C909', 'impar');
insert into discipline (parti, zi, start, final, den, tip, titprof, prof, sala, frec) values (',I2A3,', 4, 14, 16, 'Programare functionala', 'laborator', '', 'Irina Asavoaie', 'C405', '');
insert into discipline (parti, zi, start, final, den, tip, titprof, prof, sala, frec) values (',I1A,', 2, 10, 12, 'Sisteme de operare I', 'curs', 'lect. dr.', 'Cristian Vidrascu', 'C112', '');
insert into discipline (parti, zi, start, final, den, tip, titprof, prof, sala, frec) values (',I2B6,', 3, 14, 16, 'Practica SGBD', 'laborator', 'lect.', 'Marian Balta', 'C412', '');
insert into discipline (parti, zi, start, final, den, tip, titprof, prof, sala, frec) values (',I1A4,', 3, 10, 12, 'Fundamentele algebrice ale informaticii', 'seminar', 'lect. dr.', 'Sorin Iftene', 'C903', '');
insert into discipline (parti, zi, start, final, den, tip, titprof, prof, sala, frec) values (',I1A5,', 1, 16, 18, 'Practica hardware', 'laborator', 'lect. dr.', 'Vlad Radulescu', 'C411', '');
insert into discipline (parti, zi, start, final, den, tip, titprof, prof, sala, frec) values (',I2,', 1, 12, 14, 'Programare functionala', 'curs', 'prof. dr.', 'Gheorghe Grigoras', 'C112', '');
insert into discipline (parti, zi, start, final, den, tip, titprof, prof, sala, frec) values (',I1A2,', 3, 16, 18, 'Programare orientata-obiect', 'laborator', 'prep.', 'Norocel Petrache', 'C411', '');
insert into discipline (parti, zi, start, final, den, tip, titprof, prof, sala, frec) values (',I3A4,', 2, 14, 16, 'Calcul numeric', 'laborator', 'asist.', 'Florentin Emanuel Olariu', 'C405', '');
insert into discipline (parti, zi, start, final, den, tip, titprof, prof, sala, frec) values (',I3B2,', 1, 18, 20, 'Grafica pe calculator', 'laborator', 'lect. dr.', 'Lucian Ghirvu', 'C409', '');
insert into discipline (parti, zi, start, final, den, tip, titprof, prof, sala, frec) values (',I2A1,', 1, 16, 18, 'Practica SGBD', 'laborator', 'asist.', 'Codrut Matei', 'C412', '');
insert into discipline (parti, zi, start, final, den, tip, titprof, prof, sala, frec) values (',I1B3,', 0, 12, 14, 'Practica hardware', 'laborator', '', 'Catalin Lita', 'C405', '');
insert into discipline (parti, zi, start, final, den, tip, titprof, prof, sala, frec) values (',I3A4,I3A5,I3B4,I3B5,', 4, 16, 18, 'Programare MS-Office', 'laborator', '', 'Valentin Clocotici', 'C413', 'par');
insert into discipline (parti, zi, start, final, den, tip, titprof, prof, sala, frec) values (',I2B6,', 0, 10, 12, 'Ingineria programarii', 'laborator', 'asist. dr.', 'Adrian Iftene', 'C403', '');
insert into discipline (parti, zi, start, final, den, tip, titprof, prof, sala, frec) values (',I1B7,', 4, 08, 10, 'Sisteme de operare I', 'laborator', '', 'Vlad Sebastian Patras', 'C401', '');
insert into discipline (parti, zi, start, final, den, tip, titprof, prof, sala, frec) values (',I3,', 2, 16, 18, 'Bioinformatica', 'curs', 'conf. dr.', 'Liviu Ciortuz', 'C309', '');
insert into discipline (parti, zi, start, final, den, tip, titprof, prof, sala, frec) values (',I3B1,', 0, 16, 18, 'Embedded Systems', 'laborator', 'lect. dr.', 'Vlad Radulescu', 'C405', '');
insert into discipline (parti, zi, start, final, den, tip, titprof, prof, sala, frec) values (',I3,', 3, 08, 10, 'Programare MS-Office', 'curs', '', 'Valentin Clocotici', 'C309', 'par');
insert into discipline (parti, zi, start, final, den, tip, titprof, prof, sala, frec) values (',I2B4,', 2, 14, 16, 'Practica SGBD', 'laborator', 'lect.', 'Marian Balta', 'C412', '');
insert into discipline (parti, zi, start, final, den, tip, titprof, prof, sala, frec) values (',I1B6,', 1, 12, 14, 'Programare orientata-obiect', 'laborator', '', 'Mihai Asavoaie', 'C403', '');
insert into discipline (parti, zi, start, final, den, tip, titprof, prof, sala, frec) values (',I3,', 4, 08, 10, 'Programare MS-Office', 'curs', '', 'Valentin Clocotici', 'C309', 'par');
insert into discipline (parti, zi, start, final, den, tip, titprof, prof, sala, frec) values (',I3B1,', 1, 18, 20, 'Calcul numeric', 'laborator', 'lect. dr.', 'Anca Ignat', 'C411', '');
insert into discipline (parti, zi, start, final, den, tip, titprof, prof, sala, frec) values (',I3A5,', 1, 16, 18, 'Calcul numeric', 'laborator', 'asist.', 'Florentin Emanuel Olariu', 'C405', '');
insert into discipline (parti, zi, start, final, den, tip, titprof, prof, sala, frec) values (',I1B3,', 0, 18, 20, 'Probabilitati si statistica', 'laborator', 'lect. dr.', 'Anca Vitcu', 'C405', 'impar');
insert into discipline (parti, zi, start, final, den, tip, titprof, prof, sala, frec) values (',I2A1,', 2, 12, 14, 'Tehnici avansate de programare', 'laborator', 'lect. dr.', 'Cristian Frasinaru', 'C401', '');
insert into discipline (parti, zi, start, final, den, tip, titprof, prof, sala, frec) values (',I2A1,', 3, 10, 12, 'Limba engleza IV', 'seminar', '', 'Nicoleta Armanu', 'C905', '');
insert into discipline (parti, zi, start, final, den, tip, titprof, prof, sala, frec) values (',I1A3,', 0, 10, 12, 'Practica hardware', 'laborator', '', 'Catalin Lita', 'C411', '');
insert into discipline (parti, zi, start, final, den, tip, titprof, prof, sala, frec) values (',I1A6,', 2, 12, 14, 'Fundamentele algebrice ale informaticii', 'seminar', 'asist.', 'Ioana Leahu', 'C903', '');
insert into discipline (parti, zi, start, final, den, tip, titprof, prof, sala, frec) values (',I1B4,', 0, 14, 16, 'Limba engleza II', 'seminar', '', 'Ionel Olariu', 'C308', '');
insert into discipline (parti, zi, start, final, den, tip, titprof, prof, sala, frec) values (',I1A5,', 4, 14, 16, 'Limba engleza II', 'seminar', '', 'Ionel Olariu', 'C308', '');
insert into discipline (parti, zi, start, final, den, tip, titprof, prof, sala, frec) values (',I2A5,', 2, 08, 10, 'Ingineria programarii', 'laborator', 'asist. dr.', 'Adrian Iftene', 'C403', '');
insert into discipline (parti, zi, start, final, den, tip, titprof, prof, sala, frec) values (',I3B,', 1, 16, 18, 'Calcul numeric', 'curs', 'lect. dr.', 'Anca Ignat', 'C309', '');
insert into discipline (parti, zi, start, final, den, tip, titprof, prof, sala, frec) values (',I3A1,I3A2,', 2, 14, 16, 'Retele Petri si aplicatii', 'laborator', 'asist. dr.', 'Oana Prisecaru', 'C403', '');
insert into discipline (parti, zi, start, final, den, tip, titprof, prof, sala, frec) values (',I2B1,', 3, 08, 10, 'Tehnologii Web', 'laborator', '', 'Ciprian Amariei', 'C411', '');
insert into discipline (parti, zi, start, final, den, tip, titprof, prof, sala, frec) values (',I1A1,', 0, 12, 14, 'Limba engleza II', 'seminar', '', 'Nicoleta Armanu', 'C903', '');
insert into discipline (parti, zi, start, final, den, tip, titprof, prof, sala, frec) values (',I2X,', 1, 14, 16, 'Ingineria programarii', 'laborator', 'asist. dr.', 'Adrian Iftene', 'C411', '');
insert into discipline (parti, zi, start, final, den, tip, titprof, prof, sala, frec) values (',I2B1,', 2, 10, 12, 'Ingineria programarii', 'laborator', 'asist. dr.', 'Adrian Iftene', 'C403', '');
insert into discipline (parti, zi, start, final, den, tip, titprof, prof, sala, frec) values (',I2X,', 2, 08, 10, 'Practica SGBD', 'laborator', 'asist.', 'Codrut Matei', 'C412', '');
insert into discipline (parti, zi, start, final, den, tip, titprof, prof, sala, frec) values (',I2A2,', 3, 14, 16, 'Tehnici avansate de programare', 'laborator', 'lect. dr.', 'Cristian Frasinaru', 'C401', '');
insert into discipline (parti, zi, start, final, den, tip, titprof, prof, sala, frec) values (',I3B1,', 3, 16, 18, 'Procese stochastice', 'seminar', 'lect. dr.', 'Anca Vitcu', 'C909', 'impar');
insert into discipline (parti, zi, start, final, den, tip, titprof, prof, sala, frec) values (',I2A3,', 1, 16, 18, 'Tehnici avansate de programare', 'laborator', 'asist.', 'Cosmin Varlan', 'C401', '');
insert into discipline (parti, zi, start, final, den, tip, titprof, prof, sala, frec) values (',I3,', 1, 12, 14, 'Capitole speciale de sisteme de operare', 'curs', 'lect. dr.', 'Cristian Vidrascu', 'C309', '');
insert into discipline (parti, zi, start, final, den, tip, titprof, prof, sala, frec) values (',I2B3,', 2, 10, 12, 'Practica SGBD', 'laborator', 'asist.', 'Codrut Matei', 'C412', '');
insert into discipline (parti, zi, start, final, den, tip, titprof, prof, sala, frec) values (',I3B3,', 3, 18, 20, 'Calcul numeric', 'laborator', 'asist.', 'Florentin Emanuel Olariu', 'C405', '');
insert into discipline (parti, zi, start, final, den, tip, titprof, prof, sala, frec) values (',I2A2,', 4, 10, 12, 'Programare functionala', 'laborator', '', 'Irina Asavoaie', 'C403', '');
insert into discipline (parti, zi, start, final, den, tip, titprof, prof, sala, frec) values (',I3A1,', 0, 08, 10, 'Embedded Systems', 'laborator', 'lect. dr.', 'Vlad Radulescu', 'C401', '');
insert into discipline (parti, zi, start, final, den, tip, titprof, prof, sala, frec) values (',I1B1,', 1, 12, 14, 'Probabilitati si statistica', 'laborator', 'lect. dr.', 'Anca Vitcu', 'C401', 'impar');
insert into discipline (parti, zi, start, final, den, tip, titprof, prof, sala, frec) values (',I1B4,', 4, 18, 20, 'Probabilitati si statistica', 'laborator', 'lect. dr.', 'Anca Vitcu', 'C413', 'impar');
insert into discipline (parti, zi, start, final, den, tip, titprof, prof, sala, frec) values (',I1B2,', 4, 12, 14, 'Limba engleza II', 'seminar', '', 'Ionel Olariu', 'C308', '');
insert into discipline (parti, zi, start, final, den, tip, titprof, prof, sala, frec) values (',I3A2,I3A3,', 0, 10, 12, 'Procese stochastice', 'seminar', 'lect. dr.', 'Anca Vitcu', 'C901', 'impar');
insert into discipline (parti, zi, start, final, den, tip, titprof, prof, sala, frec) values (',I3A2,I3A3,', 4, 16, 18, 'Embedded Systems', 'laborator', 'lect. dr.', 'Vlad Radulescu', 'C411', '');
insert into discipline (parti, zi, start, final, den, tip, titprof, prof, sala, frec) values (',I3A4,I3A5,I3B4,I3B5,', 4, 14, 16, 'Programare MS-Office', 'laborator', '', 'Valentin Clocotici', 'C413', 'par');
insert into discipline (parti, zi, start, final, den, tip, titprof, prof, sala, frec) values (',I1B2,', 3, 10, 12, 'Sisteme de operare I', 'laborator', 'lect. dr.', 'Cristian Vidrascu', 'C401', '');
insert into discipline (parti, zi, start, final, den, tip, titprof, prof, sala, frec) values (',I3B3,', 4, 16, 18, 'Grafica pe calculator', 'laborator', 'lect. dr.', 'Lucian Ghirvu', 'C409', '');
insert into discipline (parti, zi, start, final, den, tip, titprof, prof, sala, frec) values (',I2B2,', 2, 12, 14, 'Limba engleza IV', 'seminar', '', 'Nicoleta Armanu', 'C909', '');
insert into discipline (parti, zi, start, final, den, tip, titprof, prof, sala, frec) values (',I3A4,I3A5,', 4, 16, 18, 'Procese stochastice', 'seminar', 'lect. dr.', 'Anca Vitcu', 'C909', 'impar');
insert into discipline (parti, zi, start, final, den, tip, titprof, prof, sala, frec) values (',I3A,', 0, 16, 18, 'Calcul numeric', 'curs', 'lect. dr.', 'Anca Ignat', 'C112', '');
insert into discipline (parti, zi, start, final, den, tip, titprof, prof, sala, frec) values (',I1B5,', 2, 10, 12, 'Fundamentele algebrice ale informaticii', 'seminar', 'asist.', 'Ioana Leahu', 'C903', '');
insert into discipline (parti, zi, start, final, den, tip, titprof, prof, sala, frec) values (',I2B2,', 2, 14, 16, 'Tehnici avansate de programare', 'laborator', 'asist.', 'Cosmin Varlan', 'C409', '');
insert into discipline (parti, zi, start, final, den, tip, titprof, prof, sala, frec) values (',I2,', 0, 14, 16, 'Programare logica', 'curs', 'colab.', 'Vasile Alaiba', 'C2', '');
insert into discipline (parti, zi, start, final, den, tip, titprof, prof, sala, frec) values (',I1B1,', 3, 18, 20, 'Programare orientata-obiect', 'laborator', 'prep.', 'Norocel Petrache', 'C411', '');
insert into discipline (parti, zi, start, final, den, tip, titprof, prof, sala, frec) values (',I1B2,', 0, 12, 14, 'Probabilitati si statistica', 'laborator', 'lect. dr.', 'Anca Vitcu', 'C413', 'impar');
insert into discipline (parti, zi, start, final, den, tip, titprof, prof, sala, frec) values (',I3B3,I3B4,', 2, 10, 12, 'Programare bazata pe reguli', 'laborator', '', 'Ionut Pistol', 'C413', '');
insert into discipline (parti, zi, start, final, den, tip, titprof, prof, sala, frec) values (',I2A5,I2B6,', 1, 08, 10, 'Programare functionala', 'laborator', 'prep.', 'Georgiana Goriac', 'C401', '');
insert into discipline (parti, zi, start, final, den, tip, titprof, prof, sala, frec) values (',I1B,', 1, 10, 12, 'Programare orientata-obiect', 'curs', 'prof. dr.', 'Gheorghe Grigoras', 'C2', '');
insert into discipline (parti, zi, start, final, den, tip, titprof, prof, sala, frec) values (',I2A2,', 1, 08, 10, 'Practica SGBD', 'laborator', 'asist.', 'Codrut Matei', 'C412', '');
insert into discipline (parti, zi, start, final, den, tip, titprof, prof, sala, frec) values (',I1A4,', 1, 14, 16, 'Limba engleza II', 'seminar', '', 'Ionel Olariu', 'C112', '');
insert into discipline (parti, zi, start, final, den, tip, titprof, prof, sala, frec) values (',I2B4,', 2, 16, 18, 'Ingineria programarii', 'laborator', '', 'Ionut Pistol', 'C401', '');
insert into discipline (parti, zi, start, final, den, tip, titprof, prof, sala, frec) values (',I1A2,', 3, 14, 16, 'Probabilitati si statistica', 'laborator', 'asist. dr.', 'Mihaela Breaban', 'C411', '');
insert into discipline (parti, zi, start, final, den, tip, titprof, prof, sala, frec) values (',I1A7,', 3, 12, 14, 'Limba engleza II', 'seminar', '', 'Ionel Olariu', 'C112', '');
insert into discipline (parti, zi, start, final, den, tip, titprof, prof, sala, frec) values (',I2A6,', 4, 16, 18, 'Tehnologii Web', 'laborator', '', 'Anca Paula Luca', 'C403', '');
insert into discipline (parti, zi, start, final, den, tip, titprof, prof, sala, frec) values (',I1A4,', 1, 16, 18, 'Programare orientata-obiect', 'laborator', 'prep.', 'Norocel Petrache', 'C413', '');
insert into discipline (parti, zi, start, final, den, tip, titprof, prof, sala, frec) values (',I2B1,', 3, 12, 14, 'Tehnici avansate de programare', 'laborator', 'lect. dr.', 'Cristian Frasinaru', 'C401', '');
insert into discipline (parti, zi, start, final, den, tip, titprof, prof, sala, frec) values (',I3A1,I3A2,I3A3,', 3, 14, 16, 'Programare MS-Office', 'laborator', '', 'Valentin Clocotici', 'C413', 'par');
insert into discipline (parti, zi, start, final, den, tip, titprof, prof, sala, frec) values (',I1,', 0, 18, 20, 'Limba germana I', 'seminar', '', 'Delia Esian', 'I3', '');
insert into discipline (parti, zi, start, final, den, tip, titprof, prof, sala, frec) values (',I1B5,', 1, 12, 14, 'Limba engleza II', 'seminar', '', 'Ionel Olariu', 'C308', '');
insert into discipline (parti, zi, start, final, den, tip, titprof, prof, sala, frec) values (',I2X,', 2, 10, 12, 'Tehnologii Web', 'laborator', 'asist.', 'Lenuta Alboaie', 'C411', '');
insert into discipline (parti, zi, start, final, den, tip, titprof, prof, sala, frec) values (',I2,', 2, 18, 20, 'Limba germana II', 'seminar', '', 'Delia Esian', 'Cat. Germana', '');
insert into discipline (parti, zi, start, final, den, tip, titprof, prof, sala, frec) values (',I2A6,', 3, 12, 14, 'Practica SGBD', 'laborator', 'lect.', 'Marian Balta', 'C412', '');
insert into discipline (parti, zi, start, final, den, tip, titprof, prof, sala, frec) values (',I2A,', 2, 14, 16, 'Programare logica', 'laborator', 'colab.', 'Vasile Alaiba', 'C411', '');
insert into discipline (parti, zi, start, final, den, tip, titprof, prof, sala, frec) values (',I2A2,', 3, 12, 14, 'Ingineria programarii', 'laborator', 'asist. dr.', 'Adrian Iftene', 'C403', '');
insert into discipline (parti, zi, start, final, den, tip, titprof, prof, sala, frec) values (',I1A7,', 2, 12, 14, 'Probabilitati si statistica', 'laborator', 'asist. dr.', 'Mihaela Breaban', 'C413', '');
insert into discipline (parti, zi, start, final, den, tip, titprof, prof, sala, frec) values (',I2A4,', 1, 14, 16, 'Tehnici avansate de programare', 'laborator', 'asist.', 'Cosmin Varlan', 'C401', '');
insert into discipline (parti, zi, start, final, den, tip, titprof, prof, sala, frec) values (',I3B,', 0, 18, 20, 'Grafica pe calculator', 'curs', 'lect. dr.', 'Lucian Ghirvu', 'C309', '');
insert into discipline (parti, zi, start, final, den, tip, titprof, prof, sala, frec) values (',I1B3,', 0, 16, 18, 'Sisteme de operare I', 'laborator', 'asist.', 'Ioana Leahu', 'C411', '');
insert into discipline (parti, zi, start, final, den, tip, titprof, prof, sala, frec) values (',I3A4,I3A5,', 4, 18, 20, 'Embedded Systems', 'laborator', 'lect. dr.', 'Vlad Radulescu', 'C411', '');
insert into discipline (parti, zi, start, final, den, tip, titprof, prof, sala, frec) values (',I1B6,', 0, 08, 10, 'Sisteme de operare I', 'laborator', '', 'Vlad Sebastian Patras', 'C405', '');
insert into discipline (parti, zi, start, final, den, tip, titprof, prof, sala, frec) values (',I3A3,', 3, 16, 18, 'Calcul numeric', 'laborator', 'asist.', 'Florentin Emanuel Olariu', 'C405', '');
insert into discipline (parti, zi, start, final, den, tip, titprof, prof, sala, frec) values (',I3,', 1, 08, 10, 'Programare bazata pe reguli', 'curs', 'prof. dr.', 'Dan Cristea', 'C309', '');
insert into discipline (parti, zi, start, final, den, tip, titprof, prof, sala, frec) values (',I2B2,I2B3,', 1, 14, 16, 'Programare logica', 'laborator', 'colab.', 'Vasile Alaiba', 'C413', '');
insert into discipline (parti, zi, start, final, den, tip, titprof, prof, sala, frec) values (',I2A,', 2, 10, 12, 'Tehnici avansate de programare', 'curs', 'lect. dr.', 'Cristian Frasinaru', 'C309', '');
insert into discipline (parti, zi, start, final, den, tip, titprof, prof, sala, frec) values (',I1B3,', 1, 12, 14, 'Fundamentele algebrice ale informaticii', 'seminar', 'asist. dr.', 'Catalin Birjoveanu', 'C903', '');
insert into discipline (parti, zi, start, final, den, tip, titprof, prof, sala, frec) values (',I3A3,I3A4,I3A5,', 0, 08, 10, 'Capitole speciale de sisteme de operare', 'laborator', '', 'Mihai Benchea', 'C409', '');
insert into discipline (parti, zi, start, final, den, tip, titprof, prof, sala, frec) values (',I1B4,', 2, 10, 12, 'Probabilitati si statistica', 'laborator', 'lect. dr.', 'Anca Vitcu', 'C401', 'impar');
insert into discipline (parti, zi, start, final, den, tip, titprof, prof, sala, frec) values (',I1A3,', 2, 16, 18, 'Probabilitati si statistica', 'laborator', 'asist.', 'Florentin Emanuel Olariu', 'C405', '');
insert into discipline (parti, zi, start, final, den, tip, titprof, prof, sala, frec) values (',I2A2,', 2, 12, 14, 'Tehnologii Web', 'laborator', 'asist.', 'Lenuta Alboaie', 'C411', '');
insert into discipline (parti, zi, start, final, den, tip, titprof, prof, sala, frec) values (',I1B2,', 3, 08, 10, 'Programare orientata-obiect', 'laborator', '', 'Ancuta Ionel', 'C409', '');
insert into discipline (parti, zi, start, final, den, tip, titprof, prof, sala, frec) values (',I2B1,', 1, 12, 14, 'Programare logica', 'laborator', 'colab.', 'Vasile Alaiba', 'C409', '');
insert into discipline (parti, zi, start, final, den, tip, titprof, prof, sala, frec) values (',I2B2,', 4, 10, 12, 'Practica SGBD', 'laborator', 'asist.', 'Codrut Matei', 'C412', '');
insert into discipline (parti, zi, start, final, den, tip, titprof, prof, sala, frec) values (',I3A1,', 3, 10, 12, 'Procese stochastice', 'seminar', 'lect. dr.', 'Anca Vitcu', 'C909', 'impar');
insert into discipline (parti, zi, start, final, den, tip, titprof, prof, sala, frec) values (',I1A3,', 2, 18, 20, 'Programare orientata-obiect', 'laborator', 'prep.', 'Norocel Petrache', 'C411', '');
insert into discipline (parti, zi, start, final, den, tip, titprof, prof, sala, frec) values (',I2A,', 0, 12, 14, 'Ingineria programarii', 'curs', 'asist. dr.', 'Adrian Iftene', 'C112', '');
insert into discipline (parti, zi, start, final, den, tip, titprof, prof, sala, frec) values (',I2A,', 0, 16, 18, 'Tehnologii Web', 'curs', 'conf. dr.', 'Sabin Corneliu Buraga', 'C309', '');
insert into discipline (parti, zi, start, final, den, tip, titprof, prof, sala, frec) values (',I2A5,', 3, 18, 20, 'Tehnologii Web', 'laborator', '', 'Anca Paula Luca', 'C403', '');
insert into discipline (parti, zi, start, final, den, tip, titprof, prof, sala, frec) values (',I2A1,I2A2,I2A3,I2A4,', 4, 16, 18, 'Administrarea sistemelor Linux', 'laborator', '', 'Dragos Acostachioaie', 'C412', 'impar');
insert into discipline (parti, zi, start, final, den, tip, titprof, prof, sala, frec) values (',I1B3,', 3, 10, 12, 'Limba engleza II', 'seminar', '', 'Ionel Olariu', 'C112', '');
insert into discipline (parti, zi, start, final, den, tip, titprof, prof, sala, frec) values (',I2A5,I2A6,I2B5,I2B6,', 4, 14, 16, 'Administrarea sistemelor Linux', 'laborator', '', 'Dragos Acostachioaie', 'C412', 'impar');
insert into discipline (parti, zi, start, final, den, tip, titprof, prof, sala, frec) values (',I1B,', 0, 10, 12, 'Sisteme de operare I', 'curs', 'lect. dr.', 'Cristian Vidrascu', 'C112', '');
insert into discipline (parti, zi, start, final, den, tip, titprof, prof, sala, frec) values (',I2A6,', 4, 18, 20, 'Tehnici avansate de programare', 'laborator', '', 'Ionut Apetrei', 'C401', '');
insert into discipline (parti, zi, start, final, den, tip, titprof, prof, sala, frec) values (',I3A2,', 1, 16, 18, 'Grafica pe calculator', 'laborator', 'lect. dr.', 'Lucian Ghirvu', 'C409', '');
insert into discipline (parti, zi, start, final, den, tip, titprof, prof, sala, frec) values (',I3A4,', 1, 14, 16, 'Grafica pe calculator', 'laborator', 'prep.', 'Eugen-Ioan Goriac', 'C405', '');
insert into discipline (parti, zi, start, final, den, tip, titprof, prof, sala, frec) values (',I1B1,', 4, 08, 10, 'Practica hardware', 'laborator', '', 'Catalin Lita', 'C413', '');
insert into discipline (parti, zi, start, final, den, tip, titprof, prof, sala, frec) values (',I3A1,', 3, 14, 16, 'Procese stochastice', 'seminar', 'lect. dr.', 'Anca Vitcu', 'C909', 'impar');
insert into discipline (parti, zi, start, final, den, tip, titprof, prof, sala, frec) values (',I3A1,I3A2,', 4, 18, 20, 'Capitole speciale de sisteme de operare', 'laborator', '', 'Mihai Benchea', 'C409', '');
insert into discipline (parti, zi, start, final, den, tip, titprof, prof, sala, frec) values (',I2A3,', 2, 08, 10, 'Tehnologii Web', 'laborator', 'asist.', 'Lenuta Alboaie', 'C411', '');
insert into discipline (parti, zi, start, final, den, tip, titprof, prof, sala, frec) values (',I2B2,', 0, 10, 12, 'Ingineria programarii', 'laborator', '', 'Ionut Pistol', 'C409', '');
insert into discipline (parti, zi, start, final, den, tip, titprof, prof, sala, frec) values (',I1A4,', 3, 12, 14, 'Probabilitati si statistica', 'laborator', 'asist. dr.', 'Mihaela Breaban', 'C413', '');
insert into discipline (parti, zi, start, final, den, tip, titprof, prof, sala, frec) values (',I1B7,', 0, 12, 14, 'Programare orientata-obiect', 'laborator', '', 'Mihai Asavoaie', 'C403', '');
insert into discipline (parti, zi, start, final, den, tip, titprof, prof, sala, frec) values (',I2B6,', 3, 16, 18, 'Tehnologii Web', 'laborator', '', 'Anca Paula Luca', 'C403', '');
insert into discipline (parti, zi, start, final, den, tip, titprof, prof, sala, frec) values (',I2B,', 3, 10, 12, 'Tehnici avansate de programare', 'curs', 'lect. dr.', 'Cristian Frasinaru', 'C309', '');
insert into discipline (parti, zi, start, final, den, tip, titprof, prof, sala, frec) values (',I3B5,', 3, 14, 16, 'Calcul numeric', 'laborator', 'asist.', 'Florentin Emanuel Olariu', 'C405', '');
insert into discipline (parti, zi, start, final, den, tip, titprof, prof, sala, frec) values (',I1B3,', 0, 08, 10, 'Programare orientata-obiect', 'laborator', '', 'Ancuta Ionel', 'C411', '');
insert into discipline (parti, zi, start, final, den, tip, titprof, prof, sala, frec) values (',I3A1,I3A2,I3A3,I3A4,', 3, 14, 16, 'Programare bazata pe reguli', 'laborator', '', 'Ionut Pistol', 'C403', '');
insert into discipline (parti, zi, start, final, den, tip, titprof, prof, sala, frec) values (',I1A6,', 2, 16, 18, 'Programare orientata-obiect', 'laborator', 'prep.', 'Norocel Petrache', 'C411', '');
insert into discipline (parti, zi, start, final, den, tip, titprof, prof, sala, frec) values (',I1B3,', 1, 14, 16, 'Probabilitati si statistica', 'laborator', 'lect. dr.', 'Anca Vitcu', 'C403', 'impar');
insert into discipline (parti, zi, start, final, den, tip, titprof, prof, sala, frec) values (',I3B4,I3B5,', 3, 16, 18, 'Embedded Systems', 'laborator', 'lect. dr.', 'Vlad Radulescu', 'C401', '');
insert into discipline (parti, zi, start, final, den, tip, titprof, prof, sala, frec) values (',I1B,', 4, 10, 12, 'Practica hardware', 'curs', 'lect. dr.', 'Vlad Radulescu', 'C112', 'par');
insert into discipline (parti, zi, start, final, den, tip, titprof, prof, sala, frec) values (',I2B3,', 2, 12, 14, 'Tehnologii Web', 'laborator', '', 'Ciprian Amariei', 'C405', '');
insert into discipline (parti, zi, start, final, den, tip, titprof, prof, sala, frec) values (',I3,', 1, 10, 12, 'Programare bazata pe reguli', 'curs', 'prof. dr.', 'Dan Cristea', 'C309', '');
insert into discipline (parti, zi, start, final, den, tip, titprof, prof, sala, frec) values (',I1B2,', 0, 14, 16, 'Probabilitati si statistica', 'laborator', 'lect. dr.', 'Anca Vitcu', 'C413', 'impar');
insert into discipline (parti, zi, start, final, den, tip, titprof, prof, sala, frec) values (',I3A3,', 1, 14, 16, 'Grafica pe calculator', 'laborator', 'lect. dr.', 'Lucian Ghirvu', 'C409', '');
insert into discipline (parti, zi, start, final, den, tip, titprof, prof, sala, frec) values (',I2B,', 0, 08, 10, 'Ingineria programarii', 'curs', 'asist. dr.', 'Adrian Iftene', 'C309', '');
insert into discipline (parti, zi, start, final, den, tip, titprof, prof, sala, frec) values (',I1A,', 0, 08, 10, 'Fundamentele algebrice ale informaticii', 'curs', 'lect. dr.', 'Sorin Iftene', 'C2', '');
insert into discipline (parti, zi, start, final, den, tip, titprof, prof, sala, frec) values (',I3A2,I3A3,', 2, 12, 14, 'Procese stochastice', 'seminar', 'lect. dr.', 'Anca Vitcu', 'C308', 'impar');
insert into discipline (parti, zi, start, final, den, tip, titprof, prof, sala, frec) values (',I3A3,I3A4,I3A5,', 4, 10, 12, 'Retele Petri si aplicatii', 'laborator', 'asist. dr.', 'Oana Prisecaru', 'C411', '');
insert into discipline (parti, zi, start, final, den, tip, titprof, prof, sala, frec) values (',I2B4,', 4, 16, 18, 'Limba engleza IV', 'seminar', '', 'Nicoleta Armanu', 'C903', '');
insert into discipline (parti, zi, start, final, den, tip, titprof, prof, sala, frec) values (',I1A7,', 3, 10, 12, 'Fundamentele algebrice ale informaticii', 'seminar', 'asist.', 'Ioana Leahu', 'C901', '');
insert into discipline (parti, zi, start, final, den, tip, titprof, prof, sala, frec) values (',I1A5,', 1, 18, 20, 'Programare orientata-obiect', 'laborator', 'prep.', 'Norocel Petrache', 'C413', '');
insert into discipline (parti, zi, start, final, den, tip, titprof, prof, sala, frec) values (',I2B4,I2B5,', 1, 08, 10, 'Programare logica', 'laborator', 'colab.', 'Vasile Alaiba', 'C409', '');
insert into discipline (parti, zi, start, final, den, tip, titprof, prof, sala, frec) values (',I1A3,', 3, 08, 10, 'Fundamentele algebrice ale informaticii', 'seminar', 'lect. dr.', 'Sorin Iftene', 'C901', '');
insert into discipline (parti, zi, start, final, den, tip, titprof, prof, sala, frec) values (',I1B7,', 1, 12, 14, 'Fundamentele algebrice ale informaticii', 'seminar', 'prof. dr.', 'Ferucio Laurentiu Tiplea', 'C901', '');
insert into discipline (parti, zi, start, final, den, tip, titprof, prof, sala, frec) values (',I1B4,', 0, 12, 14, 'Sisteme de operare I', 'laborator', 'asist.', 'Ioana Leahu', 'C411', '');
insert into discipline (parti, zi, start, final, den, tip, titprof, prof, sala, frec) values (',I2A2,', 4, 14, 16, 'Limba engleza IV', 'seminar', '', 'Nicoleta Armanu', 'C905', '');
insert into discipline (parti, zi, start, final, den, tip, titprof, prof, sala, frec) values (',I1B4,', 1, 14, 16, 'Fundamentele algebrice ale informaticii', 'seminar', 'asist. dr.', 'Catalin Birjoveanu', 'C901', '');
insert into discipline (parti, zi, start, final, den, tip, titprof, prof, sala, frec) values (',I2A6,', 3, 10, 12, 'Ingineria programarii', 'laborator', 'asist. dr.', 'Adrian Iftene', 'C403', '');
insert into discipline (parti, zi, start, final, den, tip, titprof, prof, sala, frec) values (',I3B3,I3B4,I3B5,', 2, 08, 10, 'Capitole speciale de sisteme de operare', 'laborator', '', 'Mihai Benchea', 'C401', '');
insert into discipline (parti, zi, start, final, den, tip, titprof, prof, sala, frec) values (',I3B1,I3B2,', 0, 14, 16, 'Programare bazata pe reguli', 'laborator', '', 'Ionut Pistol', 'C403', '');
insert into discipline (parti, zi, start, final, den, tip, titprof, prof, sala, frec) values (',I2B2,', 2, 10, 12, 'Tehnologii Web', 'laborator', '', 'Ciprian Amariei', 'C409', '');
insert into discipline (parti, zi, start, final, den, tip, titprof, prof, sala, frec) values (',I3B5,', 4, 10, 12, 'Grafica pe calculator', 'laborator', 'prep.', 'Eugen-Ioan Goriac', 'C405', '');
insert into discipline (parti, zi, start, final, den, tip, titprof, prof, sala, frec) values (',I2A1,I2B4,', 3, 14, 16, 'Programare functionala', 'laborator', 'prep.', 'Georgiana Goriac', 'C409', '');
insert into discipline (parti, zi, start, final, den, tip, titprof, prof, sala, frec) values (',I2B1,I2B2,', 0, 14, 16, 'Programare functionala', 'laborator', 'prep.', 'Georgiana Goriac', 'C405', '');
insert into discipline (parti, zi, start, final, den, tip, titprof, prof, sala, frec) values (',I1B4,', 2, 08, 10, 'Practica hardware', 'laborator', 'prep.', 'Dragos Gavrilut', 'C413', '');
insert into discipline (parti, zi, start, final, den, tip, titprof, prof, sala, frec) values (',I2B4,', 3, 12, 14, 'Tehnologii Web', 'laborator', '', 'Ciprian Amariei', 'C405', '');
insert into discipline (parti, zi, start, final, den, tip, titprof, prof, sala, frec) values (',I1X,', 4, 14, 16, 'Sisteme de operare I', 'laborator', 'asist.', 'Ioana Leahu', 'C411', '');
insert into discipline (parti, zi, start, final, den, tip, titprof, prof, sala, frec) values (',I2B1,', 2, 08, 10, 'Limba engleza IV', 'seminar', '', 'Nicoleta Armanu', 'C909', '');
insert into discipline (parti, zi, start, final, den, tip, titprof, prof, sala, frec) values (',I1A5,', 0, 10, 12, 'Fundamentele algebrice ale informaticii', 'seminar', 'lect. dr.', 'Sorin Iftene', 'C909', '');
insert into discipline (parti, zi, start, final, den, tip, titprof, prof, sala, frec) values (',I2B3,', 2, 08, 10, 'Ingineria programarii', 'laborator', '', 'Ionut Pistol', 'C409', '');
insert into discipline (parti, zi, start, final, den, tip, titprof, prof, sala, frec) values (',I1A3,', 1, 16, 18, 'Sisteme de operare I', 'laborator', 'prep.', 'Mihai Diac', 'C403', '');
insert into discipline (parti, zi, start, final, den, tip, titprof, prof, sala, frec) values (',I3A1,I3A2,I3A3,', 3, 10, 12, 'Programare MS-Office', 'laborator', '', 'Valentin Clocotici', 'C413', 'par');
insert into discipline (parti, zi, start, final, den, tip, titprof, prof, sala, frec) values (',I2B6,', 4, 08, 10, 'Tehnici avansate de programare', 'laborator', '', 'Claudiu Mihaila', 'C405', '');
insert into discipline (parti, zi, start, final, den, tip, titprof, prof, sala, frec) values (',I1A2,', 4, 08, 10, 'Fundamentele algebrice ale informaticii', 'seminar', 'lect. dr.', 'Sorin Iftene', 'C909', '');
insert into discipline (parti, zi, start, final, den, tip, titprof, prof, sala, frec) values (',I1B2,', 2, 10, 12, 'Fundamentele algebrice ale informaticii', 'seminar', 'asist. dr.', 'Catalin Birjoveanu', 'C901', '');
insert into discipline (parti, zi, start, final, den, tip, titprof, prof, sala, frec) values (',I3B2,I3B3,', 5, 10, 12, 'Procese stochastice', 'seminar', 'lect. dr.', 'Anca Vitcu', 'C909', 'impar');
insert into discipline (parti, zi, start, final, den, tip, titprof, prof, sala, frec) values (',I1B1,', 3, 16, 18, 'Limba engleza II', 'seminar', '', 'Ionel Olariu', 'C112', '');
insert into discipline (parti, zi, start, final, den, tip, titprof, prof, sala, frec) values (',I1A7,', 1, 08, 10, 'Programare orientata-obiect', 'laborator', '', 'Ancuta Ionel', 'C411', '');
insert into discipline (parti, zi, start, final, den, tip, titprof, prof, sala, frec) values (',I2A,', 4, 14, 16, 'Didactica informaticii', 'seminar', '', 'Mirela Tibu', 'C309', '');
insert into discipline (parti, zi, start, final, den, tip, titprof, prof, sala, frec) values (',I3A5,I3B5,', 0, 12, 14, 'Programare bazata pe reguli', 'laborator', '', 'Ionut Pistol', 'C409', '');
insert into discipline (parti, zi, start, final, den, tip, titprof, prof, sala, frec) values (',I1B5,', 0, 16, 18, 'Probabilitati si statistica', 'laborator', 'asist.', 'Florentin Emanuel Olariu', 'C413', '');
insert into discipline (parti, zi, start, final, den, tip, titprof, prof, sala, frec) values (',I3A1,', 0, 18, 20, 'Calcul numeric', 'laborator', 'lect. dr.', 'Anca Ignat', 'C411', '');
insert into discipline (parti, zi, start, final, den, tip, titprof, prof, sala, frec) values (',I3B1,I3B2,', 0, 10, 12, 'Capitole speciale de sisteme de operare', 'laborator', '', 'Mihai Benchea', 'C401', '');
insert into discipline (parti, zi, start, final, den, tip, titprof, prof, sala, frec) values (',I3B1,', 4, 10, 12, 'Procese stochastice', 'seminar', 'lect. dr.', 'Anca Vitcu', 'C909', 'impar');
insert into discipline (parti, zi, start, final, den, tip, titprof, prof, sala, frec) values (',I1B6,', 0, 18, 20, 'Probabilitati si statistica', 'laborator', 'asist.', 'Florentin Emanuel Olariu', 'C409', '');
insert into discipline (parti, zi, start, final, den, tip, titprof, prof, sala, frec) values (',I2B3,', 3, 08, 10, 'Tehnici avansate de programare', 'laborator', '', 'Ionut Apetrei', 'C401', '');
insert into discipline (parti, zi, start, final, den, tip, titprof, prof, sala, frec) values (',I2A4,', 3, 10, 12, 'Tehnologii Web', 'laborator', '', 'Ciprian Amariei', 'C405', '');
insert into discipline (parti, zi, start, final, den, tip, titprof, prof, sala, frec) values (',I1B1,', 3, 14, 16, 'Fundamentele algebrice ale informaticii', 'seminar', 'asist. dr.', 'Catalin Birjoveanu', 'C901', '');
insert into discipline (parti, zi, start, final, den, tip, titprof, prof, sala, frec) values (',I1B1,', 0, 12, 14, 'Sisteme de operare I', 'laborator', 'lect. dr.', 'Cristian Vidrascu', 'C401', '');
insert into discipline (parti, zi, start, final, den, tip, titprof, prof, sala, frec) values (',I3A5,', 3, 10, 12, 'Grafica pe calculator', 'laborator', 'prep.', 'Eugen-Ioan Goriac', 'C412', '');
insert into discipline (parti, zi, start, final, den, tip, titprof, prof, sala, frec) values (',I1A6,', 1, 08, 10, 'Sisteme de operare I', 'laborator', '', 'Sorin Damian', 'C405', '');
insert into discipline (parti, zi, start, final, den, tip, titprof, prof, sala, frec) values (',I3A2,', 3, 12, 14, 'Calcul numeric', 'laborator', 'lect. dr.', 'Anca Ignat', 'C411', '');
insert into discipline (parti, zi, start, final, den, tip, titprof, prof, sala, frec) values (',I1,', 4, 14, 16, 'Pedagogie', 'curs', '', 'Gianina Masari', 'C112', '');
insert into discipline (parti, zi, start, final, den, tip, titprof, prof, sala, frec) values (',I1A1,', 0, 18, 20, 'Practica hardware', 'laborator', 'lect. dr.', 'Vlad Radulescu', 'C412', '');
insert into discipline (parti, zi, start, final, den, tip, titprof, prof, sala, frec) values (',I2X,', 0, 16, 18, 'Tehnici avansate de programare', 'laborator', 'asist.', 'Cosmin Varlan', 'C401', '');
insert into discipline (parti, zi, start, final, den, tip, titprof, prof, sala, frec) values (',I2A5,', 2, 12, 14, 'Practica SGBD', 'laborator', 'lect.', 'Marian Balta', 'C412', '');
insert into discipline (parti, zi, start, final, den, tip, titprof, prof, sala, frec) values (',I1A,', 1, 10, 12, 'Probabilitati si statistica', 'curs', 'prof. dr.', 'Silvia Luchian', 'C112', '');
insert into discipline (parti, zi, start, final, den, tip, titprof, prof, sala, frec) values (',I1,', 4, 16, 18, 'Pedagogie', 'seminar', '', 'Gianina Masari', 'C112', '');
insert into discipline (parti, zi, start, final, den, tip, titprof, prof, sala, frec) values (',I2A5,', 3, 16, 18, 'Limba engleza IV', 'seminar', '', 'Nicoleta Armanu', 'C905', '');
insert into discipline (parti, zi, start, final, den, tip, titprof, prof, sala, frec) values (',I1B,', 1, 08, 10, 'Fundamentele algebrice ale informaticii', 'curs', 'prof. dr.', 'Ferucio Laurentiu Tiplea', 'C2', '');
insert into discipline (parti, zi, start, final, den, tip, titprof, prof, sala, frec) values (',I3A,', 0, 14, 16, 'Grafica pe calculator', 'curs', 'lect. dr.', 'Lucian Ghirvu', 'C112', '');
insert into discipline (parti, zi, start, final, den, tip, titprof, prof, sala, frec) values (',I3,', 2, 12, 14, 'Retele Petri si aplicatii', 'curs', 'asist. dr.', 'Oana Prisecaru', 'C309', '');
insert into discipline (parti, zi, start, final, den, tip, titprof, prof, sala, frec) values (',I3,', 4, 08, 10, 'Procese stochastice', 'curs', 'lect. dr.', 'Anca Vitcu', 'C309', 'impar');
insert into discipline (parti, zi, start, final, den, tip, titprof, prof, sala, frec) values (',I1A7,', 4, 18, 20, 'Practica hardware', 'laborator', 'prep.', 'Dragos Gavrilut', 'C412', '');
insert into discipline (parti, zi, start, final, den, tip, titprof, prof, sala, frec) values (',I1A,', 4, 10, 12, 'Practica hardware', 'curs', 'lect. dr.', 'Vlad Radulescu', 'C112', 'impar');
insert into discipline (parti, zi, start, final, den, tip, titprof, prof, sala, frec) values (',I3B3,I3B4,I3B5,', 0, 10, 12, 'Retele Petri si aplicatii', 'laborator', 'asist. dr.', 'Oana Prisecaru', 'C413', '');
insert into discipline (parti, zi, start, final, den, tip, titprof, prof, sala, frec) values (',I2B5,', 1, 14, 16, 'Limba engleza IV', 'seminar', '', 'Nicoleta Armanu', 'C903', '');
insert into discipline (parti, zi, start, final, den, tip, titprof, prof, sala, frec) values (',I1A5,', 3, 10, 12, 'Probabilitati si statistica', 'laborator', 'asist. dr.', 'Mihaela Breaban', 'C409', '');
insert into discipline (parti, zi, start, final, den, tip, titprof, prof, sala, frec) values (',I1B7,', 2, 14, 16, 'Probabilitati si statistica', 'laborator', 'asist. dr.', 'Mihaela Breaban', 'C413', '');
insert into discipline (parti, zi, start, final, den, tip, titprof, prof, sala, frec) values (',I3B2,I3B3,', 4, 14, 16, 'Embedded Systems', 'laborator', 'lect. dr.', 'Vlad Radulescu', 'C403', '');
insert into discipline (parti, zi, start, final, den, tip, titprof, prof, sala, frec) values (',I2A3,', 4, 18, 20, 'Limba engleza IV', 'seminar', '', 'Nicoleta Armanu', 'C903', '');
insert into discipline (parti, zi, start, final, den, tip, titprof, prof, sala, frec) values (',I3B4,I3B5,', 5, 12, 14, 'Procese stochastice', 'seminar', 'lect. dr.', 'Anca Vitcu', 'C909', 'impar');
insert into discipline (parti, zi, start, final, den, tip, titprof, prof, sala, frec) values (',I1B5,', 3, 18, 20, 'Practica hardware', 'laborator', 'lect. dr.', 'Vlad Radulescu', 'C401', '');
insert into discipline (parti, zi, start, final, den, tip, titprof, prof, sala, frec) values (',I1A1,', 3, 08, 10, 'Probabilitati si statistica', 'laborator', 'asist. dr.', 'Mihaela Breaban', 'C413', '');
insert into discipline (parti, zi, start, final, den, tip, titprof, prof, sala, frec) values (',I1A1,', 4, 14, 16, 'Programare orientata-obiect', 'laborator', '', 'Mihai Asavoaie', 'C401', '');
insert into discipline (parti, zi, start, final, den, tip, titprof, prof, sala, frec) values (',I3,', 3, 08, 10, 'Procese stochastice', 'curs', 'lect. dr.', 'Anca Vitcu', 'C309', 'impar');
insert into discipline (parti, zi, start, final, den, tip, titprof, prof, sala, frec) values (',I2A1,', 1, 18, 20, 'Tehnologii Web', 'laborator', 'conf. dr.', 'Sabin Corneliu Buraga', 'C401', '');
insert into discipline (parti, zi, start, final, den, tip, titprof, prof, sala, frec) values (',I1B6,', 2, 14, 16, 'Limba engleza II', 'seminar', '', 'Ionel Olariu', 'C112', '');
insert into discipline (parti, zi, start, final, den, tip, titprof, prof, sala, frec) values (',I3B4,', 1, 18, 20, 'Calcul numeric', 'laborator', 'asist.', 'Florentin Emanuel Olariu', 'C405', '');
insert into discipline (parti, zi, start, final, den, tip, titprof, prof, sala, frec) values (',I2B3,', 0, 10, 12, 'Limba engleza IV', 'seminar', '', 'Nicoleta Armanu', 'C903', '');
insert into discipline (parti, zi, start, final, den, tip, titprof, prof, sala, frec) values (',I1B4,', 0, 18, 20, 'Programare orientata-obiect', 'laborator', '', 'Ancuta Ionel', 'C401', '');
insert into discipline (parti, zi, start, final, den, tip, titprof, prof, sala, frec) values (',I1B1,', 0, 08, 10, 'Probabilitati si statistica', 'laborator', 'lect. dr.', 'Anca Vitcu', 'C413', 'impar');
insert into discipline (parti, zi, start, final, den, tip, titprof, prof, sala, frec) values (',I1A2,', 3, 12, 14, 'Sisteme de operare I', 'laborator', 'lect. dr.', 'Cristian Vidrascu', 'C409', '');
insert into discipline (parti, zi, start, final, den, tip, titprof, prof, sala, frec) values (',I3,', 2, 18, 20, 'Bioinformatica', 'seminar', 'conf. dr.', 'Liviu Ciortuz', 'C309', '');
insert into discipline (parti, zi, start, final, den, tip, titprof, prof, sala, frec) values (',I2B,', 4, 16, 18, 'Didactica informaticii', 'seminar', '', 'Mirela Tibu', 'C308', '');
insert into discipline (parti, zi, start, final, den, tip, titprof, prof, sala, frec) values (',I2B5,', 0, 10, 12, 'Tehnici avansate de programare', 'laborator', '', 'Claudiu Mihaila', 'C405', '');
insert into discipline (parti, zi, start, final, den, tip, titprof, prof, sala, frec) values (',I2,', 1, 10, 12, 'Didactica informaticii', 'curs', 'prof. dr.', 'Henri Luchian', 'C308', '');
insert into discipline (parti, zi, start, final, den, tip, titprof, prof, sala, frec) values (',I3B4,I3B5,', 3, 18, 20, 'Procese stochastice', 'seminar', 'lect. dr.', 'Anca Vitcu', 'C909', 'impar');
insert into discipline (parti, zi, start, final, den, tip, titprof, prof, sala, frec) values (',I2,', 4, 12, 14, 'Administrarea sistemelor Linux', 'curs', '', 'Dragos Acostachioaie', 'C309', '');
insert into discipline (parti, zi, start, final, den, tip, titprof, prof, sala, frec) values (',I2A3,', 2, 12, 14, 'Ingineria programarii', 'laborator', '', 'Ionut Pistol', 'C403', '');
insert into discipline (parti, zi, start, final, den, tip, titprof, prof, sala, frec) values (',I2A5,', 4, 16, 18, 'Tehnici avansate de programare', 'laborator', '', 'Ionut Apetrei', 'C401', '');
insert into discipline (parti, zi, start, final, den, tip, titprof, prof, sala, frec) values (',I1A1,', 2, 08, 10, 'Fundamentele algebrice ale informaticii', 'seminar', 'lect. dr.', 'Sorin Iftene', 'C901', '');
insert into discipline (parti, zi, start, final, den, tip, titprof, prof, sala, frec) values (',I3B1,I3B2,I3B3,', 3, 16, 18, 'Programare MS-Office', 'laborator', '', 'Valentin Clocotici', 'C413', 'par');
insert into discipline (parti, zi, start, final, den, tip, titprof, prof, sala, frec) values (',I1B7,', 0, 08, 10, 'Practica hardware', 'laborator', 'prep.', 'Dragos Gavrilut', 'C403', '');
insert into discipline (parti, zi, start, final, den, tip, titprof, prof, sala, frec) values (',I2B5,', 2, 16, 18, 'Practica SGBD', 'laborator', 'lect.', 'Marian Balta', 'C412', '');
insert into discipline (parti, zi, start, final, den, tip, titprof, prof, sala, frec) values (',I1A6,', 2, 18, 20, 'Probabilitati si statistica', 'laborator', 'asist.', 'Florentin Emanuel Olariu', 'C405', '');
insert into discipline (parti, zi, start, final, den, tip, titprof, prof, sala, frec) values (',I2A4,', 3, 12, 14, 'Limba engleza IV', 'seminar', '', 'Nicoleta Armanu', 'C905', '');
insert into discipline (parti, zi, start, final, den, tip, titprof, prof, sala, frec) values (',I2B5,', 4, 18, 20, 'Tehnologii Web', 'laborator', '', 'Anca Paula Luca', 'C403', '');
insert into discipline (parti, zi, start, final, den, tip, titprof, prof, sala, frec) values (',I3B4,', 0, 16, 18, 'Grafica pe calculator', 'laborator', 'prep.', 'Eugen-Ioan Goriac', 'C409', '');
insert into discipline (parti, zi, start, final, den, tip, titprof, prof, sala, frec) values (',I2A6,I2B6,', 1, 10, 12, 'Programare logica', 'laborator', 'colab.', 'Vasile Alaiba', 'C409', '');
insert into discipline (parti, zi, start, final, den, tip, titprof, prof, sala, frec) values (',I1A5,', 3, 18, 20, 'Sisteme de operare I', 'laborator', 'prep.', 'Mihai Diac', 'C413', '');
insert into discipline (parti, zi, start, final, den, tip, titprof, prof, sala, frec) values (',I1A6,', 3, 14, 16, 'Limba engleza II', 'seminar', '', 'Ionel Olariu', 'C112', '');
insert into discipline (parti, zi, start, final, den, tip, titprof, prof, sala, frec) values (',I1B7,', 2, 16, 18, 'Limba engleza II', 'seminar', '', 'Ionel Olariu', 'C112', '');
insert into discipline (parti, zi, start, final, den, tip, titprof, prof, sala, frec) values (',I1A4,', 1, 18, 20, 'Sisteme de operare I', 'laborator', 'prep.', 'Mihai Diac', 'C403', '');
insert into discipline (parti, zi, start, final, den, tip, titprof, prof, sala, frec) values (',I3,', 1, 12, 14, 'Embedded Systems', 'curs', 'lect. dr.', 'Vlad Radulescu', 'C2', '');
insert into discipline (parti, zi, start, final, den, tip, titprof, prof, sala, frec) values (',I1B5,', 0, 14, 16, 'Sisteme de operare I', 'laborator', 'asist.', 'Ioana Leahu', 'C411', '');
insert into discipline (parti, zi, start, final, den, tip, titprof, prof, sala, frec) values (',I1B,', 2, 12, 14, 'Probabilitati si statistica', 'curs', 'prof. dr.', 'Silvia Luchian', 'C112', '');
insert into discipline (parti, zi, start, final, den, tip, titprof, prof, sala, frec) values (',I2B6,', 2, 10, 12, 'Limba engleza IV', 'seminar', '', 'Nicoleta Armanu', 'C909', '');
insert into discipline (parti, zi, start, final, den, tip, titprof, prof, sala, frec) values (',I2A4,', 3, 08, 10, 'Ingineria programarii', 'laborator', 'asist. dr.', 'Adrian Iftene', 'C403', '');
insert into discipline (parti, zi, start, final, den, tip, titprof, prof, sala, frec) values (',I2A4,', 1, 10, 12, 'Practica SGBD', 'laborator', 'asist.', 'Codrut Matei', 'C412', '');
insert into discipline (parti, zi, start, final, den, tip, titprof, prof, sala, frec) values (',I3B1,I3B2,', 0, 12, 14, 'Retele Petri si aplicatii', 'laborator', 'asist. dr.', 'Oana Prisecaru', 'C412', '');
insert into discipline (parti, zi, start, final, den, tip, titprof, prof, sala, frec) values (',I1A,', 0, 16, 18, 'Programare orientata-obiect', 'curs', 'prof. dr.', 'Gheorghe Grigoras', 'C2', '');
insert into discipline (parti, zi, start, final, den, tip, titprof, prof, sala, frec) values (',I2A6,', 3, 14, 16, 'Limba engleza IV', 'seminar', '', 'Nicoleta Armanu', 'C905', '');
insert into discipline (parti, zi, start, final, den, tip, titprof, prof, sala, frec) values (',I2A4,I2A6,', 3, 16, 18, 'Programare functionala', 'laborator', 'prep.', 'Georgiana Goriac', 'C409', '');
insert into discipline (parti, zi, start, final, den, tip, titprof, prof, sala, frec) values (',I1B6,', 3, 18, 20, 'Practica hardware', 'laborator', 'prep.', 'Dragos Gavrilut', 'C409', '');
insert into discipline (parti, zi, start, final, den, tip, titprof, prof, sala, frec) values (',I1B5,', 4, 12, 14, 'Programare orientata-obiect', 'laborator', '', 'Mihai Asavoaie', 'C411', '');
insert into discipline (parti, zi, start, final, den, tip, titprof, prof, sala, frec) values (',I3B2,I3B3,', 5, 08, 10, 'Procese stochastice', 'seminar', 'lect. dr.', 'Anca Vitcu', 'C909', 'impar');
insert into discipline (parti, zi, start, final, den, tip, titprof, prof, sala, frec) values (',I2X,', 1, 10, 12, 'Ingineria programarii', 'laborator', 'asist. dr.', 'Adrian Iftene', 'C403', '');
insert into discipline (parti, zi, start, final, den, tip, titprof, prof, sala, frec) values (',I2B5,', 2, 14, 16, 'Ingineria programarii', 'laborator', '', 'Ionut Pistol', 'C401', '');
insert into discipline (parti, zi, start, final, den, tip, titprof, prof, sala, frec) values (',I2B4,', 4, 10, 12, 'Tehnici avansate de programare', 'laborator', '', 'Claudiu Mihaila', 'C401', '');
insert into discipline (parti, zi, start, final, den, tip, titprof, prof, sala, frec) values (',I1B6,', 3, 12, 14, 'Fundamentele algebrice ale informaticii', 'seminar', 'asist.', 'Ioana Leahu', 'C909', '');
insert into discipline (parti, zi, start, final, den, tip, titprof, prof, sala, frec) values (',I1A6,', 4, 12, 14, 'Practica hardware', 'laborator', '', 'Catalin Lita', 'C412', '');
insert into discipline (parti, zi, start, final, den, tip, titprof, prof, sala, frec) values (',I1A7,', 4, 08, 10, 'Sisteme de operare I', 'laborator', '', 'Sorin Damian', 'C409', '');
insert into discipline (parti, zi, start, final, den, tip, titprof, prof, sala, frec) values (',I3B1,I3B2,I3B3,', 4, 10, 12, 'Programare MS-Office', 'laborator', '', 'Valentin Clocotici', 'C413', 'par');
insert into discipline (parti, zi, start, final, den, tip, titprof, prof, sala, frec) values (',I2B,', 0, 18, 20, 'Tehnologii Web', 'curs', 'conf. dr.', 'Sabin Corneliu Buraga', 'C112', '');
insert into profi (nume) values ('Dragos Acostachioaie');
insert into profi (nume) values ('Vasile Alaiba');
insert into profi (nume) values ('Lenuta Alboaie');
insert into profi (nume) values ('Ciprian Amariei');
insert into profi (nume) values ('Ionut Apetrei');
insert into profi (nume) values ('Nicoleta Armanu');
insert into profi (nume) values ('Irina Asavoaie');
insert into profi (nume) values ('Mihai Asavoaie');
insert into profi (nume) values ('Marian Balta');
insert into profi (nume) values ('Mihai Benchea');
insert into profi (nume) values ('Catalin Birjoveanu');
insert into profi (nume) values ('Mihaela Breaban');
insert into profi (nume) values ('Sabin Corneliu Buraga');
insert into profi (nume) values ('Liviu Ciortuz');
insert into profi (nume) values ('Valentin Clocotici');
insert into profi (nume) values ('Dan Cristea');
insert into profi (nume) values ('Sorin Damian');
insert into profi (nume) values ('Mihai Diac');
insert into profi (nume) values ('Delia Esian');
insert into profi (nume) values ('Cristian Frasinaru');
insert into profi (nume) values ('Dragos Gavrilut');
insert into profi (nume) values ('Lucian Ghirvu');
insert into profi (nume) values ('Eugen-Ioan Goriac');
insert into profi (nume) values ('Georgiana Goriac');
insert into profi (nume) values ('Gheorghe Grigoras');
insert into profi (nume) values ('Adrian Iftene');
insert into profi (nume) values ('Sorin Iftene');
insert into profi (nume) values ('Anca Ignat');
insert into profi (nume) values ('Ancuta Ionel');
insert into profi (nume) values ('Ioana Leahu');
insert into profi (nume) values ('Catalin Lita');
insert into profi (nume) values ('Anca Paula Luca');
insert into profi (nume) values ('Henri Luchian');
insert into profi (nume) values ('Silvia Luchian');
insert into profi (nume) values ('Gianina Masari');
insert into profi (nume) values ('Codrut Matei');
insert into profi (nume) values ('Claudiu Mihaila');
insert into profi (nume) values ('Florentin Emanuel Olariu');
insert into profi (nume) values ('Ionel Olariu');
insert into profi (nume) values ('Vlad Sebastian Patras');
insert into profi (nume) values ('Norocel Petrache');
insert into profi (nume) values ('Ionut Pistol');
insert into profi (nume) values ('Oana Prisecaru');
insert into profi (nume) values ('Vlad Radulescu');
insert into profi (nume) values ('Mirela Tibu');
insert into profi (nume) values ('Ferucio Laurentiu Tiplea');
insert into profi (nume) values ('Cosmin Varlan');
insert into profi (nume) values ('Cristian Vidrascu');
insert into profi (nume) values ('Anca Vitcu');
insert into sali (nume) values ('C112');
insert into sali (nume) values ('C2');
insert into sali (nume) values ('C308');
insert into sali (nume) values ('C309');
insert into sali (nume) values ('C401');
insert into sali (nume) values ('C403');
insert into sali (nume) values ('C405');
insert into sali (nume) values ('C409');
insert into sali (nume) values ('C411');
insert into sali (nume) values ('C412');
insert into sali (nume) values ('C413');
insert into sali (nume) values ('C901');
insert into sali (nume) values ('C903');
insert into sali (nume) values ('C905');
insert into sali (nume) values ('C909');
insert into materii (nume) values ('Administrarea sistemelor Linux');
insert into materii (nume) values ('Bioinformatica');
insert into materii (nume) values ('Calcul numeric');
insert into materii (nume) values ('Capitole speciale de sisteme de operare');
insert into materii (nume) values ('Didactica informaticii');
insert into materii (nume) values ('Embedded Systems');
insert into materii (nume) values ('Fundamentele algebrice ale informaticii');
insert into materii (nume) values ('Grafica pe calculator');
insert into materii (nume) values ('Ingineria programarii');
insert into materii (nume) values ('Limba engleza II');
insert into materii (nume) values ('Limba engleza IV');
insert into materii (nume) values ('Limba germana I');
insert into materii (nume) values ('Limba germana II');
insert into materii (nume) values ('Pedagogie');
insert into materii (nume) values ('Practica SGBD');
insert into materii (nume) values ('Practica hardware');
insert into materii (nume) values ('Probabilitati si statistica');
insert into materii (nume) values ('Procese stochastice');
insert into materii (nume) values ('Programare MS-Office');
insert into materii (nume) values ('Programare bazata pe reguli');
insert into materii (nume) values ('Programare functionala');
insert into materii (nume) values ('Programare logica');
insert into materii (nume) values ('Programare orientata-obiect');
insert into materii (nume) values ('Retele Petri si aplicatii');
insert into materii (nume) values ('Sisteme de operare I');
insert into materii (nume) values ('Tehnici avansate de programare');
insert into materii (nume) values ('Tehnologii Web');
